0.09431236;685.91;2019-12-24 16:00:10;1577203210
0.09356268;682.44;2019-12-24 17:00:08;1577206808
0.09512952;688.38;2019-12-24 18:00:08;1577210408
0.09544293;688.06;2019-12-24 19:00:07;1577214007
0.09653972;699.6;2019-12-24 20:00:06;1577217606
0.0951296;686.7;2019-12-24 21:00:07;1577221207
0.09622638;697.97;2019-12-24 22:00:06;1577224806
0.09716648;703.53;2019-12-24 23:00:06;1577228406
0.09685277;702.97;2019-12-25 00:00:06;1577232006
0.0957559;692.4;2019-12-25 01:00:07;1577235607
0.09277896;672.35;2019-12-25 02:00:08;1577239208
0.09121217;659.95;2019-12-25 03:00:07;1577242807
0.0919955;665.47;2019-12-25 04:00:06;1577246406
0.09293561;673.49;2019-12-25 05:00:08;1577250008
0.09183886;664.4;2019-12-25 06:00:04;1577253604
0.09230893;667.19;2019-12-25 07:00:06;1577257206
0.09277893;672.93;2019-12-25 08:00:05;1577260805
0.0905854;657;2019-12-25 09:00:08;1577264408
0.09105553;658.29;2019-12-25 10:00:06;1577268006
0.09042877;656.06;2019-12-25 11:00:07;1577271607
0.09074216;654.96;2019-12-25 12:00:07;1577275207
0.08901629;643.29;2019-12-25 13:00:08;1577278808
0.08951123;643.87;2019-12-25 14:00:06;1577282406
0.08948258;643.45;2019-12-25 15:00:07;1577286007
0.08950295;643.5;2019-12-25 16:00:06;1577289606
0.09006205;642.64;2019-12-25 17:00:07;1577293207
0.08986791;642.37;2019-12-25 18:00:08;1577296808
0.08971165;643.31;2019-12-25 19:00:07;1577300407
0.08890382;642.88;2019-12-25 20:00:06;1577304006
0.08882942;643.48;2019-12-25 21:00:07;1577307607
0.08911591;642.94;2019-12-25 22:00:06;1577311206
0.08920532;643.57;2019-12-25 23:00:07;1577314807
0.08932652;643.32;2019-12-26 00:00:06;1577318406
0.08943757;643.72;2019-12-26 01:00:06;1577322006
0.08930776;643.43;2019-12-26 02:00:06;1577325606
0.08938234;643.62;2019-12-26 03:00:07;1577329207
0.08958464;643.54;2019-12-26 04:00:07;1577332807
0.08959399;643.51;2019-12-26 05:00:08;1577336408
0.08953162;643.15;2019-12-26 06:00:06;1577340006
0.08927395;643.89;2019-12-26 07:00:07;1577343607
0.0892527;643.71;2019-12-26 08:00:07;1577347207
0.08907621;643.4;2019-12-26 09:00:07;1577350807
0.08920241;643.72;2019-12-26 10:00:07;1577354407
0.0891491;643.44;2019-12-26 11:00:05;1577358005
0.0895044;643.43;2019-12-26 12:00:06;1577361606
0.08929245;643.93;2019-12-26 13:00:06;1577365206
0.08925795;643.55;2019-12-26 14:00:07;1577368807
0.0891541;643.56;2019-12-26 15:00:07;1577372407
0.08895105;643.59;2019-12-26 16:00:08;1577376008
0.08772401;642.08;2019-12-26 17:00:07;1577379607
0.08733552;643.04;2019-12-26 18:00:06;1577383206
0.08740454;643.95;2019-12-26 19:00:06;1577386806
0.0881765;643.04;2019-12-26 20:00:06;1577390406
0.08869037;643.13;2019-12-26 21:00:06;1577394006
0.08938714;643.54;2019-12-26 22:00:05;1577397605
0.08937393;643.23;2019-12-26 23:00:06;1577401206
0.08935714;643.83;2019-12-27 00:00:06;1577404806
0.0893074;643.1;2019-12-27 01:00:07;1577408407
0.08921803;643.44;2019-12-27 02:00:07;1577412007
0.08909305;644.14;2019-12-27 03:00:06;1577415606
0.08897827;643.82;2019-12-27 04:00:04;1577419204
0.08942566;643.81;2019-12-27 05:00:05;1577422805
0.08924139;643.62;2019-12-27 06:00:07;1577426407
0.08935882;643.79;2019-12-27 07:00:07;1577430007
0.08951818;644.05;2019-12-27 08:00:06;1577433606
0.08939756;644;2019-12-27 09:00:10;1577437210
0.0895015;643.43;2019-12-27 10:00:06;1577440806
0.08949845;643.75;2019-12-27 11:00:04;1577444404
0.09013929;641.05;2019-12-27 12:00:06;1577448006
0.08891821;642.11;2019-12-27 13:00:09;1577451609
0.08944732;643.43;2019-12-27 14:00:06;1577455206
0.08933434;643.09;2019-12-27 15:00:06;1577458806
0.0889057;643.63;2019-12-27 16:00:06;1577462406
0.08933626;643.36;2019-12-27 17:00:06;1577466006
0.08931395;643.32;2019-12-27 18:00:06;1577469606
0.08912;643.09;2019-12-27 19:00:06;1577473206
0.08918138;643.54;2019-12-27 20:00:06;1577476806
0.08904804;643.57;2019-12-27 21:00:07;1577480407
0.08899649;643.62;2019-12-27 22:00:07;1577484007
0.08886607;643.86;2019-12-27 23:00:06;1577487606
0.08868402;643.08;2019-12-28 00:00:06;1577491206
0.08801154;642.6;2019-12-28 01:00:06;1577494806
0.0880113;643.28;2019-12-28 02:00:06;1577498406
0.08820621;643.48;2019-12-28 03:00:07;1577502007
0.08829519;643.36;2019-12-28 04:00:06;1577505606
0.08815686;643.66;2019-12-28 05:00:07;1577509207
0.08792556;643.7;2019-12-28 06:00:05;1577512805
0.08813421;643.71;2019-12-28 07:00:06;1577516406
0.08811181;643;2019-12-28 08:00:09;1577520009
0.08822442;643.72;2019-12-28 09:00:07;1577523607
0.08806259;642.99;2019-12-28 10:00:06;1577527206
0.08789766;643.17;2019-12-28 11:00:07;1577530807
0.08804941;643;2019-12-28 12:00:07;1577534407
0.08813462;643.65;2019-12-28 13:00:07;1577538007
0.08808788;643.11;2019-12-28 14:00:04;1577541604
0.08785159;643.37;2019-12-28 15:00:05;1577545205
0.08812323;643.79;2019-12-28 16:00:08;1577548808
0.08789124;643.38;2019-12-28 17:00:07;1577552407
0.0876631;643.51;2019-12-28 18:00:08;1577556008
0.08764953;643.38;2019-12-28 19:00:06;1577559606
0.08761277;643.74;2019-12-28 20:00:05;1577563205
0.08765147;643.51;2019-12-28 21:00:08;1577566808
0.08665647;635.31;2019-12-28 22:00:08;1577570408
0.08505983;622.95;2019-12-28 23:00:07;1577574007
0.08599137;628.93;2019-12-29 00:00:07;1577577607
0.08532576;623.65;2019-12-29 01:00:07;1577581207
0.08678949;632.73;2019-12-29 02:00:07;1577584807
0.08745491;639.01;2019-12-29 03:00:07;1577588407
0.08559194;625.22;2019-12-29 04:00:07;1577592007
0.08559211;624.89;2019-12-29 05:00:07;1577595607
0.08479371;620.3;2019-12-29 06:00:07;1577599207
0.08505988;622.36;2019-12-29 07:00:08;1577602808
0.08399534;614.5;2019-12-29 08:00:07;1577606407
0.08386225;616.43;2019-12-29 09:00:08;1577610008
0.0857253;626.92;2019-12-29 10:00:08;1577613608
0.08545917;625.68;2019-12-29 11:00:09;1577617209
0.08545907;627.33;2019-12-29 12:00:08;1577620808
0.08319696;612.5;2019-12-29 13:00:06;1577624406
0.08106786;599.49;2019-12-29 14:00:08;1577628008
0.08173316;604.06;2019-12-29 15:00:08;1577631608
0.08080182;600.89;2019-12-29 16:00:07;1577635207
0.08026959;594.3;2019-12-29 17:00:10;1577638810
0.08146715;603.65;2019-12-29 18:00:09;1577642409
0.08106806;601.48;2019-12-29 19:00:07;1577646007
0.08106792;605.72;2019-12-29 20:00:08;1577649608
0.08040278;594.1;2019-12-29 21:00:08;1577653208
0.08080206;597.61;2019-12-29 22:00:08;1577656808
0.08053597;595.76;2019-12-29 23:00:06;1577660406
0.08093518;598.42;2019-12-30 00:00:08;1577664008
0.08040279;590.29;2019-12-30 01:00:08;1577667608
0.07987027;587.18;2019-12-30 02:00:07;1577671207
0.07827348;576.38;2019-12-30 03:00:08;1577674808
0.07787426;572.52;2019-12-30 04:00:08;1577678408
0.07774116;573.06;2019-12-30 05:00:07;1577682007
0.07800724;575.65;2019-12-30 06:00:07;1577685607
0.0773417;571.18;2019-12-30 07:00:08;1577689208
0.07787398;575.02;2019-12-30 08:00:07;1577692807
0.07747469;570.67;2019-12-30 09:00:08;1577696408
0.07840618;574.9;2019-12-30 10:00:07;1577700007
0.07853928;574.62;2019-12-30 11:00:10;1577703610
0.07800718;570.69;2019-12-30 12:00:06;1577707206
0.07853937;574.17;2019-12-30 13:00:07;1577710807
0.07960387;582.62;2019-12-30 14:00:10;1577714410
0.07986992;583.85;2019-12-30 15:00:09;1577718009
0.07917589;574.74;2019-12-30 16:00:09;1577721609
0.0791917;574.49;2019-12-30 17:00:08;1577725208
0.07917376;575.3;2019-12-30 18:00:07;1577728807
0.07932423;575.17;2019-12-30 19:00:06;1577732406
0.07937448;574.52;2019-12-30 20:00:06;1577736006
0.07910745;574.88;2019-12-30 21:00:08;1577739608
0.07905411;574.89;2019-12-30 22:00:07;1577743207
0.07897387;574.89;2019-12-30 23:00:08;1577746808
0.07931753;574.6;2019-12-31 00:00:08;1577750408
0.07924706;574.08;2019-12-31 01:00:07;1577754007
0.07914608;574.55;2019-12-31 02:00:07;1577757607
0.07930646;574.59;2019-12-31 03:00:07;1577761207
0.07946355;574.99;2019-12-31 04:00:07;1577764807
0.07937652;575;2019-12-31 05:00:07;1577768407
0.079121;574.61;2019-12-31 06:00:08;1577772008
0.07934822;574.93;2019-12-31 07:00:08;1577775608
0.07927399;574.59;2019-12-31 08:00:08;1577779208
0.07949721;574.87;2019-12-31 09:00:08;1577782808
0.07950865;574.48;2019-12-31 10:00:10;1577786410
0.07922013;573.85;2019-12-31 11:00:09;1577790009
0.07924864;573.94;2019-12-31 12:00:09;1577793609
0.07920081;573.73;2019-12-31 13:00:07;1577797207
0.07928614;574.33;2019-12-31 14:00:08;1577800808
0.07933814;575.01;2019-12-31 15:00:07;1577804407
0.07977827;574.33;2019-12-31 16:00:08;1577808008
0.07960279;574.1;2019-12-31 17:00:09;1577811609
0.07907778;566.9;2019-12-31 18:00:09;1577815209
0.07894908;565.65;2019-12-31 19:00:07;1577818807
0.07856339;563.96;2019-12-31 20:00:10;1577822410
0.07817767;560.72;2019-12-31 21:00:10;1577826010
0.07792077;560;2019-12-31 22:00:08;1577829608
0.07714961;555.71;2019-12-31 23:00:07;1577833207
0.07694526;553.78;2020-01-01 00:00:08;1577836808
0.07713686;553.7;2020-01-01 01:00:07;1577840407
0.07671587;553.26;2020-01-01 02:00:08;1577844008
0.07642267;553.54;2020-01-01 03:00:08;1577847608
0.07662642;553.77;2020-01-01 04:00:07;1577851207
0.07669855;553.75;2020-01-01 05:00:07;1577854807
0.0766371;553.64;2020-01-01 06:00:08;1577858408
0.07662234;553.53;2020-01-01 07:00:09;1577862009
0.07678846;553.63;2020-01-01 08:00:07;1577865607
0.07689159;553.32;2020-01-01 09:00:09;1577869209
0.07701506;553.83;2020-01-01 10:00:09;1577872809
0.0768694;553.59;2020-01-01 11:00:07;1577876407
0.0769244;553.66;2020-01-01 12:00:08;1577880008
0.07661285;553.73;2020-01-01 13:00:07;1577883607
0.07667979;553.59;2020-01-01 14:00:07;1577887207
0.07665274;553.48;2020-01-01 15:00:08;1577890808
0.0765283;553.46;2020-01-01 16:00:07;1577894407
0.07639614;553.11;2020-01-01 17:00:08;1577898008
0.07649704;553.52;2020-01-01 18:00:06;1577901606
0.07655863;554.27;2020-01-01 19:00:09;1577905209
0.0769319;556.05;2020-01-01 20:00:07;1577908807
0.07730521;559.44;2020-01-01 21:00:08;1577912408
0.07805173;564.61;2020-01-01 22:00:06;1577916006
0.07767821;559.05;2020-01-01 23:00:08;1577919608
0.07767819;559.2;2020-01-02 00:00:10;1577923210
0.07805147;562.62;2020-01-02 01:00:08;1577926808
0.07804115;561.3;2020-01-02 02:00:09;1577930409
0.07826848;561.03;2020-01-02 03:00:07;1577934007
0.07871308;560.92;2020-01-02 04:00:09;1577937609
0.07854405;561.54;2020-01-02 05:00:07;1577941207
0.07860366;560.94;2020-01-02 06:00:05;1577944805
0.07863379;560.61;2020-01-02 07:00:08;1577948408
0.07892507;561.38;2020-01-02 08:00:09;1577952009
0.07844277;560.94;2020-01-02 09:00:08;1577955608
0.07833643;560.94;2020-01-02 10:00:09;1577959209
0.07834726;561.37;2020-01-02 11:00:08;1577962808
0.0785864;561.25;2020-01-02 12:00:10;1577966410
0.07838888;560.97;2020-01-02 13:00:14;1577970014
0.07868525;561.37;2020-01-02 14:00:07;1577973607
0.07863393;561.21;2020-01-02 15:00:07;1577977207
0.07869083;561.09;2020-01-02 16:00:08;1577980808
0.07957015;561.41;2020-01-02 17:00:07;1577984407
0.08051028;561.18;2020-01-02 18:00:08;1577988008
0.08045564;561.73;2020-01-02 19:00:08;1577991608
0.08035136;561.2;2020-01-02 20:00:06;1577995206
0.08074148;561.52;2020-01-02 21:00:07;1577998807
0.08041309;561.12;2020-01-02 22:00:08;1578002408
0.08047553;561.09;2020-01-02 23:00:08;1578006008
0.08055219;560.98;2020-01-03 00:00:10;1578009610
0.08088507;561.12;2020-01-03 01:00:09;1578013209
0.08146616;560.82;2020-01-03 02:00:06;1578016806
0.08065268;561.21;2020-01-03 03:00:07;1578020407
0.08070344;560.86;2020-01-03 04:00:07;1578024007
0.07778374;561.49;2020-01-03 05:00:07;1578027607
0.07739574;558.25;2020-01-03 06:00:09;1578031209
0.07731741;557.09;2020-01-03 07:00:08;1578034808
0.07716497;555.86;2020-01-03 08:00:07;1578038407
0.07709081;558.88;2020-01-03 09:00:07;1578042007
0.0766043;563.18;2020-01-03 10:00:07;1578045607
0.07661678;560.19;2020-01-03 11:00:11;1578049211
0.0767981;563.61;2020-01-03 12:00:07;1578052807
0.07674052;561.69;2020-01-03 13:00:05;1578056405
0.07700007;566.9;2020-01-03 14:00:09;1578060009
0.07693857;558.49;2020-01-03 15:00:10;1578063610
0.07679836;561.04;2020-01-03 16:00:07;1578067207
0.07637368;563.79;2020-01-03 17:00:10;1578070810
0.07653866;563.19;2020-01-03 18:00:09;1578074409
0.07652215;562.47;2020-01-03 19:00:09;1578078009
0.07662121;562.34;2020-01-03 20:00:07;1578081607
0.07669959;561.88;2020-01-03 21:00:07;1578085207
0.07680674;558.69;2020-01-03 22:00:08;1578088808
0.07652668;559.58;2020-01-03 23:00:09;1578092409
0.0766254;561.61;2020-01-04 00:00:08;1578096008
0.07659239;559.65;2020-01-04 01:00:09;1578099609
0.07652642;559.39;2020-01-04 02:00:06;1578103206
0.07662529;561.57;2020-01-04 03:00:06;1578106806
0.07688491;563.89;2020-01-04 04:00:07;1578110407
0.07679835;563.01;2020-01-04 05:00:06;1578114006
0.07669525;563.45;2020-01-04 06:00:07;1578117607
0.07667462;564.09;2020-01-04 07:00:06;1578121206
0.07701254;565.86;2020-01-04 08:00:08;1578124808
0.07732989;568.42;2020-01-04 09:00:07;1578128407
0.07749881;570.45;2020-01-04 10:00:10;1578132010
0.07767617;568.98;2020-01-04 11:00:09;1578135609
0.07742109;567.77;2020-01-04 12:00:07;1578139207
0.07712852;563.62;2020-01-04 13:00:08;1578142808
0.07703406;562.41;2020-01-04 14:00:07;1578146407
0.07712455;564.54;2020-01-04 15:00:08;1578150008
0.07719881;564.94;2020-01-04 16:00:08;1578153608
0.07733481;564.96;2020-01-04 17:00:09;1578157209
0.07717819;566.93;2020-01-04 18:00:09;1578160809
0.07720299;563.91;2020-01-04 19:00:09;1578164409
0.07722767;566.54;2020-01-04 20:00:07;1578168007
0.07745422;569.02;2020-01-04 21:00:08;1578171608
0.07709572;566.7;2020-01-04 22:00:08;1578175208
0.07734316;568.23;2020-01-04 23:00:07;1578178807
0.07734321;569.11;2020-01-05 00:00:07;1578182407
0.07716182;569.3;2020-01-05 01:00:06;1578186006
0.07717776;576.26;2020-01-05 02:00:08;1578189608
0.0772312;575.14;2020-01-05 03:00:08;1578193208
0.07735891;578.14;2020-01-05 04:00:07;1578196807
0.07734652;576.43;2020-01-05 05:00:07;1578200407
0.07774207;579.84;2020-01-05 06:00:08;1578204008
0.07800994;581.78;2020-01-05 07:00:08;1578207608
0.07790683;581.47;2020-01-05 08:00:07;1578211207
0.07771325;577.51;2020-01-05 09:00:07;1578214807
0.07756899;575.89;2020-01-05 10:00:07;1578218407
0.0776432;575.67;2020-01-05 11:00:08;1578222008
0.07766806;576.7;2020-01-05 12:00:08;1578225608
0.07812149;581.83;2020-01-05 13:00:08;1578229208
0.07824935;581.74;2020-01-05 14:00:08;1578232808
0.07860789;584.62;2020-01-05 15:00:08;1578236408
0.0786366;586.99;2020-01-05 16:00:07;1578240007
0.07862429;586.2;2020-01-05 17:00:08;1578243608
0.0788179;588.29;2020-01-05 18:00:07;1578247207
0.07861601;584.65;2020-01-05 19:00:08;1578250808
0.07882208;586.74;2020-01-05 20:00:07;1578254407
0.07884683;586.08;2020-01-05 21:00:07;1578258007
0.07847216;578.92;2020-01-05 22:00:08;1578261608
0.07849263;577.21;2020-01-05 23:00:06;1578265206
0.07870279;578.88;2020-01-06 00:00:07;1578268807
0.07875635;581.07;2020-01-06 01:00:06;1578272406
0.07880567;584.42;2020-01-06 02:00:08;1578276008
0.078558;592.86;2020-01-06 03:00:06;1578279606
0.07872726;593.64;2020-01-06 04:00:07;1578283207
0.07885997;593.68;2020-01-06 05:00:07;1578286807
0.07864558;592.34;2020-01-06 06:00:08;1578290408
0.07864981;591.3;2020-01-06 07:00:07;1578294007
0.07886809;592.17;2020-01-06 08:00:06;1578297606
0.07903289;596.55;2020-01-06 09:00:08;1578301208
0.07904935;596.08;2020-01-06 10:00:07;1578304807
0.08001276;605.15;2020-01-06 11:00:07;1578308407
0.07997623;603.33;2020-01-06 12:00:08;1578312008
0.07982062;603.1;2020-01-06 13:00:09;1578315609
0.08016517;601.89;2020-01-06 14:00:11;1578319211
0.07992243;603.03;2020-01-06 15:00:09;1578322809
0.08023952;603.65;2020-01-06 16:00:10;1578326410
0.08015193;603.63;2020-01-06 17:00:08;1578330008
0.07981607;603.19;2020-01-06 18:00:09;1578333609
0.08009373;603.23;2020-01-06 19:00:10;1578337210
0.08002304;603.43;2020-01-06 20:00:10;1578340810
0.07990604;603.64;2020-01-06 21:00:09;1578344409
0.07962227;604.33;2020-01-06 22:00:08;1578348008
0.07820879;603.96;2020-01-06 23:00:08;1578351608
0.0777656;603.39;2020-01-07 00:00:07;1578355207
0.07647991;602.27;2020-01-07 01:00:08;1578358808
0.07629123;603.11;2020-01-07 02:00:08;1578362408
0.07642201;603.66;2020-01-07 03:00:08;1578366008
0.07642178;603.58;2020-01-07 04:00:07;1578369607
0.07697116;603.21;2020-01-07 05:00:09;1578373209
0.07667232;603.63;2020-01-07 06:00:08;1578376808
0.07663361;603.17;2020-01-07 07:00:08;1578380408
0.07654911;603.1;2020-01-07 08:00:10;1578384010
0.07651852;603.1;2020-01-07 09:00:09;1578387609
0.07679504;603.56;2020-01-07 10:00:08;1578391208
0.07646962;602.76;2020-01-07 11:00:08;1578394808
0.07640411;604.37;2020-01-07 12:00:10;1578398410
0.07668737;602.87;2020-01-07 13:00:08;1578402008
0.07688177;603.8;2020-01-07 14:00:09;1578405609
0.07694623;604.43;2020-01-07 15:00:09;1578409209
0.07700647;597.86;2020-01-07 16:00:09;1578412809
0.07711774;611.38;2020-01-07 17:00:09;1578416409
0.07654771;607.09;2020-01-07 18:00:08;1578420008
0.07461732;601.02;2020-01-07 19:00:08;1578423608
0.07472302;602.87;2020-01-07 20:00:10;1578427210
0.0754395;615.93;2020-01-07 21:00:08;1578430808
0.07740469;620.7;2020-01-07 22:00:10;1578434410
0.07655581;615.17;2020-01-07 23:00:09;1578438009
0.07585599;618.79;2020-01-08 00:00:10;1578441610
0.0752767;636.14;2020-01-08 01:00:09;1578445209
0.07509778;628.34;2020-01-08 02:00:08;1578448808
0.07593809;629.21;2020-01-08 03:00:09;1578452409
0.07581439;629.01;2020-01-08 04:00:09;1578456009
0.07654851;639.62;2020-01-08 05:00:08;1578459608
0.07836667;653.03;2020-01-08 06:00:09;1578463209
0.08024658;668.55;2020-01-08 07:00:08;1578466808
0.08099442;672.39;2020-01-08 08:00:10;1578470410
0.08083549;672.06;2020-01-08 09:00:10;1578474010
0.08098637;671.67;2020-01-08 10:00:09;1578477609
0.08069966;671.93;2020-01-08 11:00:08;1578481208
0.08063899;672.26;2020-01-08 12:00:06;1578484806
0.08113481;672.57;2020-01-08 13:00:09;1578488409
0.08014412;672.65;2020-01-08 14:00:07;1578492007
0.08085969;670.9;2020-01-08 15:00:09;1578495609
0.08088575;671.89;2020-01-08 16:00:09;1578499209
0.08285583;670.68;2020-01-08 17:00:09;1578502809
0.08319991;672.55;2020-01-08 18:00:10;1578506410
0.08340673;671.59;2020-01-08 19:00:09;1578510009
0.08438401;673.09;2020-01-08 20:00:09;1578513609
0.08353874;672.02;2020-01-08 21:00:08;1578517208
0.08380903;670.86;2020-01-08 22:00:10;1578520810
0.08321219;671.98;2020-01-08 23:00:10;1578524410
0.08342381;670.4;2020-01-09 00:00:09;1578528009
0.08447412;671.97;2020-01-09 01:00:11;1578531611
0.08393003;671.43;2020-01-09 02:00:11;1578535211
0.08417416;672.67;2020-01-09 03:00:05;1578538805
0.08448722;671.48;2020-01-09 04:00:08;1578542408
0.08436214;672.22;2020-01-09 05:00:08;1578546008
0.0846238;671.88;2020-01-09 06:00:09;1578549609
0.08496559;672.15;2020-01-09 07:00:08;1578553208
0.08453458;671.99;2020-01-09 08:00:08;1578556808
0.08472267;672.07;2020-01-09 09:00:10;1578560410
0.08537154;672.18;2020-01-09 10:00:09;1578564009
0.08511827;670.96;2020-01-09 11:00:09;1578567609
0.08529508;671.67;2020-01-09 12:00:12;1578571212
0.0850256;671.27;2020-01-09 13:00:11;1578574811
0.08506988;672.17;2020-01-09 14:00:10;1578578410
0.08521389;672.26;2020-01-09 15:00:08;1578582008
0.08496092;671.77;2020-01-09 16:00:07;1578585607
0.08596256;672.7;2020-01-09 17:00:11;1578589211
0.08618635;671.68;2020-01-09 18:00:13;1578592813
0.08601821;672.15;2020-01-09 19:00:08;1578596408
0.08486065;671.88;2020-01-09 20:00:09;1578600009
0.08592923;673.76;2020-01-09 21:00:08;1578603608
0.08625871;672.43;2020-01-09 22:00:10;1578607210
0.08600638;671.9;2020-01-09 23:00:09;1578610809
0.08596641;672.42;2020-01-10 00:00:09;1578614409
0.08591631;672.15;2020-01-10 01:00:09;1578618009
0.08609253;671.8;2020-01-10 02:00:10;1578621610
0.08611924;672.6;2020-01-10 03:00:09;1578625209
0.08594365;671.34;2020-01-10 04:00:12;1578628812
0.08619544;671.85;2020-01-10 05:00:09;1578632409
0.08678122;672.26;2020-01-10 06:00:08;1578636008
0.08673844;672.44;2020-01-10 07:00:09;1578639609
0.08666746;671.45;2020-01-10 08:00:09;1578643209
0.08718623;671.55;2020-01-10 09:00:09;1578646809
0.08707771;672.04;2020-01-10 10:00:10;1578650410
0.08646294;672.47;2020-01-10 11:00:10;1578654010
0.08586709;672.5;2020-01-10 12:00:09;1578657609
0.08531749;672.92;2020-01-10 13:00:09;1578661209
0.08546289;673.92;2020-01-10 14:00:09;1578664809
0.08442528;672.99;2020-01-10 15:00:11;1578668411
0.08273605;666.62;2020-01-10 16:00:10;1578672010
0.08405219;668.23;2020-01-10 17:00:08;1578675608
0.08461607;673.51;2020-01-10 18:00:11;1578679211
0.08330003;668.3;2020-01-10 19:00:10;1578682810
0.08273634;666.68;2020-01-10 20:00:10;1578686410
0.08254835;666.21;2020-01-10 21:00:07;1578690007
0.08185889;659.35;2020-01-10 22:00:05;1578693605
0.08180139;661.6;2020-01-10 23:00:09;1578697209
0.08138986;666.51;2020-01-11 00:00:10;1578700810
0.08109788;662.14;2020-01-11 01:00:07;1578704407
0.08107582;666.04;2020-01-11 02:00:09;1578708009
0.08071346;663.09;2020-01-11 03:00:08;1578711608
0.08055024;657.79;2020-01-11 04:00:09;1578715209
0.08062521;654.98;2020-01-11 05:00:08;1578718808
0.08105844;655.19;2020-01-11 06:00:11;1578722411
0.08121301;659.41;2020-01-11 07:00:09;1578726009
0.08157586;658.61;2020-01-11 08:00:09;1578729609
0.08191621;659.9;2020-01-11 09:00:12;1578733212
0.08158008;662.35;2020-01-11 10:00:09;1578736809
0.08169975;657.83;2020-01-11 11:00:10;1578740410
0.08176613;657.73;2020-01-11 12:00:09;1578744009
0.08179257;659.3;2020-01-11 13:00:13;1578747613
0.08182358;661.58;2020-01-11 14:00:10;1578751210
0.08174419;659.1;2020-01-11 15:00:10;1578754810
0.08148318;660.08;2020-01-11 16:00:10;1578758410
0.08238964;673.03;2020-01-11 17:00:10;1578762010
0.08219077;670.49;2020-01-11 18:00:07;1578765607
0.08240304;672.38;2020-01-11 19:00:11;1578769211
0.0823941;672.1;2020-01-11 20:00:09;1578772809
0.08213323;670.2;2020-01-11 21:00:09;1578776409
0.08192109;663.44;2020-01-11 22:00:08;1578780008
0.08229285;664.08;2020-01-11 23:00:10;1578783610
0.08227971;660.36;2020-01-12 00:00:09;1578787209
0.08190909;660.8;2020-01-12 01:00:09;1578790809
0.08185166;659.59;2020-01-12 02:00:09;1578794409
0.08155044;659.64;2020-01-12 03:00:08;1578798008
0.08160178;659.89;2020-01-12 04:00:10;1578801610
0.08179297;660.27;2020-01-12 05:00:08;1578805208
0.0814298;660.26;2020-01-12 06:00:09;1578808809
0.08160138;660.46;2020-01-12 07:00:09;1578812409
0.08152777;660.23;2020-01-12 08:00:09;1578816009
0.08111165;659.92;2020-01-12 09:00:10;1578819610
0.08112535;659.85;2020-01-12 10:00:09;1578823209
0.08127766;660.32;2020-01-12 11:00:14;1578826814
0.08131214;659.95;2020-01-12 12:00:10;1578830410
0.0811733;660.37;2020-01-12 13:00:09;1578834009
0.08087844;659.93;2020-01-12 14:00:09;1578837609
0.08112336;660.66;2020-01-12 15:00:09;1578841209
0.08097338;660.24;2020-01-12 16:00:09;1578844809
0.08151504;660.25;2020-01-12 17:00:09;1578848409
0.0814371;660.51;2020-01-12 18:00:08;1578852008
0.08129338;660.37;2020-01-12 19:00:09;1578855609
0.08119423;659.66;2020-01-12 20:00:09;1578859209
0.08107248;660.28;2020-01-12 21:00:10;1578862810
0.0814798;660.17;2020-01-12 22:00:09;1578866409
0.08090518;659.56;2020-01-12 23:00:09;1578870009
0.08065491;659.65;2020-01-13 00:00:09;1578873609
0.08096946;660.05;2020-01-13 01:00:09;1578877209
0.08094014;659.87;2020-01-13 02:00:09;1578880809
0.08137242;660.2;2020-01-13 03:00:09;1578884409
0.08144775;660.75;2020-01-13 04:00:11;1578888011
0.08131807;660.06;2020-01-13 05:00:09;1578891609
0.08154621;659.77;2020-01-13 06:00:09;1578895209
0.08187694;660.31;2020-01-13 07:00:08;1578898808
0.08175134;660.38;2020-01-13 08:00:09;1578902409
0.08119883;659.65;2020-01-13 09:00:09;1578906009
0.08137093;659.75;2020-01-13 10:00:08;1578909608
0.08124619;659.77;2020-01-13 11:00:09;1578913209
0.08177392;661.36;2020-01-13 12:00:09;1578916809
0.08156846;659.64;2020-01-13 13:00:08;1578920408
0.08164243;659.83;2020-01-13 14:00:10;1578924010
0.08159982;660.1;2020-01-13 15:00:09;1578927609
0.08164636;660;2020-01-13 16:00:09;1578931209
0.08141369;659.88;2020-01-13 17:00:11;1578934811
0.08152059;659.87;2020-01-13 18:00:11;1578938411
0.08140793;660;2020-01-13 19:00:09;1578942009
0.08140115;660;2020-01-13 20:00:10;1578945610
0.08093319;659.24;2020-01-13 21:00:11;1578949211
0.08110819;660.18;2020-01-13 22:00:10;1578952810
0.08130504;660.09;2020-01-13 23:00:08;1578956408
0.08139653;660.13;2020-01-14 00:00:08;1578960008
0.07979563;659.47;2020-01-14 01:00:09;1578963609
0.07830992;659.69;2020-01-14 02:00:12;1578967212
0.07829157;659.72;2020-01-14 03:00:11;1578970811
0.07796951;660.19;2020-01-14 04:00:10;1578974410
0.07745194;660.52;2020-01-14 05:00:09;1578978009
0.07787491;659.71;2020-01-14 06:00:08;1578981608
0.07760301;659.7;2020-01-14 07:00:10;1578985210
0.07757597;660.39;2020-01-14 08:00:10;1578988810
0.07753999;660.13;2020-01-14 09:00:08;1578992408
0.07632914;648.69;2020-01-14 10:00:09;1578996009
0.07755936;660.72;2020-01-14 11:00:09;1578999609
0.07773525;662.65;2020-01-14 12:00:09;1579003209
0.07703193;655.14;2020-01-14 13:00:09;1579006809
0.07632882;654.64;2020-01-14 14:00:10;1579010410
0.07527397;654.79;2020-01-14 15:00:08;1579014008
0.07896564;689.03;2020-01-14 16:00:08;1579017608
0.07914193;684.92;2020-01-14 17:00:08;1579021208
0.07791256;683.91;2020-01-14 18:00:09;1579024809
0.07720947;675.88;2020-01-14 19:00:09;1579028409
0.0775611;677.89;2020-01-14 20:00:09;1579032009
0.07843987;681.57;2020-01-14 21:00:09;1579035609
0.07826406;684.49;2020-01-14 22:00:08;1579039208
0.07773666;680.11;2020-01-14 23:00:05;1579042805
0.07615433;672.66;2020-01-15 00:00:09;1579046409
0.07615502;670.42;2020-01-15 01:00:08;1579050008
0.07738552;679.12;2020-01-15 02:00:09;1579053609
0.07826508;689.9;2020-01-15 03:00:09;1579057209
0.07808914;681.94;2020-01-15 04:00:08;1579060808
0.07896778;679.97;2020-01-15 05:00:09;1579064409
0.07844043;675.72;2020-01-15 06:00:09;1579068009
0.07879237;683.64;2020-01-15 07:00:09;1579071609
0.0793194;684.14;2020-01-15 08:00:08;1579075208
0.07931996;685.42;2020-01-15 09:00:09;1579078809
0.07879331;689.91;2020-01-15 10:00:08;1579082408
0.07668411;674.82;2020-01-15 11:00:09;1579086009
0.07756289;677.36;2020-01-15 12:00:08;1579089608
0.07756307;679.65;2020-01-15 13:00:09;1579093209
0.0763329;678.57;2020-01-15 14:00:09;1579096809
0.07598026;674.45;2020-01-15 15:00:08;1579100408
0.07685909;674.52;2020-01-15 16:00:08;1579104008
0.07703544;676.61;2020-01-15 17:00:10;1579107610
0.07738715;680.59;2020-01-15 18:00:08;1579111208
0.07773865;680.61;2020-01-15 19:00:09;1579114809
0.07703566;675.42;2020-01-15 20:00:09;1579118409
0.07721194;681.12;2020-01-15 21:00:09;1579122009
0.07686051;679.13;2020-01-15 22:00:08;1579125608
0.07703632;682.45;2020-01-15 23:00:09;1579129209
0.07563017;667.67;2020-01-16 00:00:09;1579132809
0.07650866;670.3;2020-01-16 01:00:09;1579136409
0.07668363;663.89;2020-01-16 02:00:10;1579140010
0.0765077;662.29;2020-01-16 03:00:10;1579143610
0.07510131;649.56;2020-01-16 04:00:09;1579147209
0.07527765;651.41;2020-01-16 05:00:08;1579150808
0.07422282;646.75;2020-01-16 06:00:08;1579154408
0.07422286;647.3;2020-01-16 07:00:08;1579158008
0.07404714;642.53;2020-01-16 08:00:09;1579161609
0.07422323;643.43;2020-01-16 09:00:05;1579165205
0.07387113;638.93;2020-01-16 10:00:10;1579168810
0.07475021;646.82;2020-01-16 11:00:09;1579172409
0.07422275;646.86;2020-01-16 12:00:09;1579176009
0.07387118;644.84;2020-01-16 13:00:08;1579179608
0.07369543;640.32;2020-01-16 14:00:06;1579183206
0.07334403;635.91;2020-01-16 15:00:09;1579186809
0.07246498;631.31;2020-01-16 16:00:09;1579190409
0.07281655;630.28;2020-01-16 17:00:09;1579194009
0.0735199;638.49;2020-01-16 18:00:08;1579197608
0.07404728;643.59;2020-01-16 19:00:08;1579201208
0.0735204;639.53;2020-01-16 20:00:09;1579204809
0.07369621;644.5;2020-01-16 21:00:09;1579208409
0.07738765;672.59;2020-01-16 22:00:09;1579212009
0.07686019;670.9;2020-01-16 23:00:10;1579215610
0.07686044;671.33;2020-01-17 00:00:06;1579219206
0.07686067;667.72;2020-01-17 01:00:08;1579222808
0.07580653;663.64;2020-01-17 02:00:11;1579226411
0.07686173;673.28;2020-01-17 03:00:09;1579230009
0.07615879;669.18;2020-01-17 04:00:08;1579233608
0.07633546;672.61;2020-01-17 05:00:10;1579237210
0.07633625;678.05;2020-01-17 06:00:09;1579240809
0.07528011;667.8;2020-01-17 07:00:10;1579244410
0.07492849;670.06;2020-01-17 08:00:10;1579248010
0.07475316;666.21;2020-01-17 09:00:11;1579251611
0.07492823;671.6;2020-01-17 10:00:06;1579255206
0.07545508;674.14;2020-01-17 11:00:11;1579258811
0.07527889;670.46;2020-01-17 12:00:09;1579262409
0.07668531;679.76;2020-01-17 13:00:09;1579266009
0.07703674;681.6;2020-01-17 14:00:06;1579269606
0.08441976;741.98;2020-01-17 15:00:10;1579273210
0.08002507;708.2;2020-01-17 16:00:09;1579276809
0.07984952;708.82;2020-01-17 17:00:10;1579280410
0.07949812;706.2;2020-01-17 18:00:09;1579284009
0.07949824;708.43;2020-01-17 19:00:08;1579287608
0.0817825;725.75;2020-01-17 20:00:08;1579291208
0.08002487;711.22;2020-01-17 21:00:09;1579294809
0.07967355;710.82;2020-01-17 22:00:10;1579298410
0.078795;704.4;2020-01-17 23:00:09;1579302009
0.07897087;703.97;2020-01-18 00:00:08;1579305608
0.07879542;707.17;2020-01-18 01:00:08;1579309208
0.07861956;702.21;2020-01-18 02:00:10;1579312810
0.0784434;699.52;2020-01-18 03:00:11;1579316411
0.07844354;700.08;2020-01-18 04:00:10;1579320010
0.07897011;698.55;2020-01-18 05:00:10;1579323610
0.07738816;684.36;2020-01-18 06:00:09;1579327209
0.07791572;690.42;2020-01-18 07:00:10;1579330810
0.07738899;684.76;2020-01-18 08:00:10;1579334410
0.07738913;685.61;2020-01-18 09:00:10;1579338010
0.07791676;692.24;2020-01-18 10:00:10;1579341610
0.07756578;689.33;2020-01-18 11:00:10;1579345210
0.08002657;709.71;2020-01-18 12:00:08;1579348808
0.07809287;695.62;2020-01-18 13:00:08;1579352408
0.07844419;699.88;2020-01-18 14:00:08;1579356008
0.07932353;707.59;2020-01-18 15:00:08;1579359608
0.07809295;694.9;2020-01-18 16:00:08;1579363208
0.07756562;689.3;2020-01-18 17:00:08;1579366808
0.07774195;692.55;2020-01-18 18:00:09;1579370409
0.07791718;692.39;2020-01-18 19:00:08;1579374008
0.07844466;698.67;2020-01-18 20:00:08;1579377608
0.07862043;700.02;2020-01-18 21:00:09;1579381209
0.07879651;702.97;2020-01-18 22:00:10;1579384810
0.07791746;697.4;2020-01-18 23:00:09;1579388409
0.07791691;695.24;2020-01-19 00:00:10;1579392010
0.07703764;691.22;2020-01-19 01:00:09;1579395609
0.07510321;685.43;2020-01-19 02:00:08;1579399208
0.07510326;687.96;2020-01-19 03:00:08;1579402808
0.07545439;690.69;2020-01-19 04:00:09;1579406409
0.07510308;687.05;2020-01-19 05:00:08;1579410008
0.07580655;692.1;2020-01-19 06:00:09;1579413609
0.07651013;693.47;2020-01-19 07:00:08;1579417208
0.07650995;695.16;2020-01-19 08:00:08;1579420808
0.07615837;693.08;2020-01-19 09:00:09;1579424409
0.07598263;688.96;2020-01-19 10:00:10;1579428010
0.07633379;690.49;2020-01-19 11:00:10;1579431610
0.07633386;662.7;2020-01-19 12:00:09;1579435209
0.07580787;653.59;2020-01-19 13:00:09;1579438809
0.07527975;650;2020-01-19 14:00:08;1579442408
0.07580738;653.59;2020-01-19 15:00:09;1579446009
0.07615912;657.59;2020-01-19 16:00:10;1579449610
0.07598341;657.05;2020-01-19 17:00:11;1579453211
0.07633495;661.08;2020-01-19 18:00:11;1579456811
0.07651042;661.58;2020-01-19 19:00:09;1579460409
0.07633468;660.18;2020-01-19 20:00:09;1579464009
0.07633452;660.09;2020-01-19 21:00:08;1579467608
0.07633515;665.77;2020-01-19 22:00:08;1579471208
0.07651152;660.48;2020-01-19 23:00:08;1579474808
0.07686271;669.28;2020-01-20 00:00:09;1579478409
0.07703819;668.18;2020-01-20 01:00:09;1579482009
0.07668657;663.19;2020-01-20 02:00:09;1579485609
0.07651074;662.03;2020-01-20 03:00:11;1579489211
0.07633504;661.34;2020-01-20 04:00:08;1579492808
0.07651092;661.22;2020-01-20 05:00:08;1579496408
0.07668655;665.19;2020-01-20 06:00:09;1579500009
0.07615895;661.19;2020-01-20 07:00:07;1579503607
0.07580736;656.4;2020-01-20 08:00:08;1579507208
0.07527992;650.45;2020-01-20 09:00:08;1579510808
0.07510456;650.24;2020-01-20 10:00:09;1579514409
0.07475283;647.5;2020-01-20 11:00:09;1579518009
0.07492876;645.6;2020-01-20 12:00:09;1579521609
0.07528005;646.18;2020-01-20 13:00:10;1579525210
0.07510442;646.77;2020-01-20 14:00:08;1579528808
0.07528065;651.55;2020-01-20 15:00:08;1579532408
0.07475357;648.38;2020-01-20 16:00:09;1579536009
0.07528096;652.4;2020-01-20 17:00:08;1579539608
0.07528089;650.89;2020-01-20 18:00:05;1579543205
0.07528098;652.43;2020-01-20 19:00:09;1579546809
0.0756326;655.98;2020-01-20 20:00:09;1579550409
0.07563292;655.96;2020-01-20 21:00:08;1579554008
0.07545766;655.34;2020-01-20 22:00:08;1579557608
0.07563325;655.86;2020-01-20 23:00:08;1579561208
0.07528167;650.58;2020-01-21 00:00:10;1579564810
0.07580892;655.44;2020-01-21 01:00:09;1579568409
0.07580875;656.29;2020-01-21 02:00:10;1579572010
0.07545737;653.94;2020-01-21 03:00:09;1579575609
0.07545773;654.42;2020-01-21 04:00:09;1579579209
0.07580907;657.58;2020-01-21 05:00:09;1579582809
0.07580887;656.57;2020-01-21 06:00:09;1579586409
0.07598471;657.61;2020-01-21 07:00:10;1579590010
0.07563278;653.03;2020-01-21 08:00:10;1579593610
0.0751055;650.47;2020-01-21 09:00:06;1579597206
0.07510541;648.4;2020-01-21 10:00:09;1579600809
0.07633587;661;2020-01-21 11:00:09;1579604409
0.07580853;655.96;2020-01-21 12:00:09;1579608009
0.07633582;659.71;2020-01-21 13:00:09;1579611609
0.07633585;661.22;2020-01-21 14:00:09;1579615209
0.07633573;660.72;2020-01-21 15:00:09;1579618809
0.07651148;662.06;2020-01-21 16:00:09;1579622409
0.07703929;665.24;2020-01-21 17:00:09;1579626009
0.07967587;686.19;2020-01-21 18:00:09;1579629609
0.07879685;679.94;2020-01-21 19:00:08;1579633208
0.0775663;662.51;2020-01-21 20:00:09;1579636809
0.07756659;675.53;2020-01-21 21:00:09;1579640409
0.07721505;674.89;2020-01-21 22:00:08;1579644008
0.07703916;672.28;2020-01-21 23:00:08;1579647608
0.07721507;674.87;2020-01-22 00:00:09;1579651209
0.07739097;676.42;2020-01-22 01:00:10;1579654810
0.0779184;680.12;2020-01-22 02:00:08;1579658408
0.07791816;678.94;2020-01-22 03:00:09;1579662009
0.0777423;677.76;2020-01-22 04:00:09;1579665609
0.07809388;682.42;2020-01-22 05:00:08;1579669208
0.07862139;685.53;2020-01-22 06:00:09;1579672809
0.07932463;694.45;2020-01-22 07:00:09;1579676409
0.07826994;683.58;2020-01-22 08:00:08;1579680008
0.07844565;679.89;2020-01-22 09:00:09;1579683609
0.07809409;678.11;2020-01-22 10:00:08;1579687208
0.07809407;676.57;2020-01-22 11:00:09;1579690809
0.07791797;675;2020-01-22 12:00:09;1579694409
0.077918;675.32;2020-01-22 13:00:08;1579698008
0.07791792;673.45;2020-01-22 14:00:09;1579701609
0.07774211;673.15;2020-01-22 15:00:10;1579705210
0.07774211;673.38;2020-01-22 16:00:10;1579708810
0.07739063;672.72;2020-01-22 17:00:09;1579712409
0.07703907;669.28;2020-01-22 18:00:09;1579716009
0.07703905;668.21;2020-01-22 19:00:08;1579719608
0.07703874;667.82;2020-01-22 20:00:11;1579723211
0.07703891;667.67;2020-01-22 21:00:10;1579726810
0.07721482;668.68;2020-01-22 22:00:08;1579730408
0.07791791;674.63;2020-01-22 23:00:11;1579734011
0.07756658;673.29;2020-01-23 00:00:09;1579737609
0.07756647;671.79;2020-01-23 01:00:08;1579741208
0.07774192;668.91;2020-01-23 02:00:09;1579744809
0.07703873;663.01;2020-01-23 03:00:08;1579748408
0.0770387;662.87;2020-01-23 04:00:10;1579752010
0.07668641;658.53;2020-01-23 05:00:10;1579755610
0.07545578;645.75;2020-01-23 06:00:09;1579759209
0.07598304;647.66;2020-01-23 07:00:10;1579762810
0.07563158;649.01;2020-01-23 08:00:08;1579766408
0.07510447;640.53;2020-01-23 09:00:08;1579770008
0.07510449;634.69;2020-01-23 10:00:08;1579773608
0.07475295;631.32;2020-01-23 11:00:09;1579777209
0.07545624;636.81;2020-01-23 12:00:10;1579780810
0.07563217;636.52;2020-01-23 13:00:10;1579784410
0.07615941;635.59;2020-01-23 14:00:10;1579788010
0.07615975;637.36;2020-01-23 15:00:09;1579791609
0.07651181;639.7;2020-01-23 16:00:11;1579795211
0.07686308;641.87;2020-01-23 17:00:08;1579798808
0.07844515;653.1;2020-01-23 18:00:08;1579802408
0.07756581;646.78;2020-01-23 19:00:08;1579806008
0.07791783;652.02;2020-01-23 20:00:08;1579809608
0.07756606;649.68;2020-01-23 21:00:08;1579813208
0.07721451;648.77;2020-01-23 22:00:09;1579816809
0.07721456;649.25;2020-01-23 23:00:10;1579820410
0.07774192;654.07;2020-01-24 00:00:10;1579824010
0.07791755;655.22;2020-01-24 01:00:09;1579827609
0.07756585;648.67;2020-01-24 02:00:10;1579831210
0.07721365;640.05;2020-01-24 03:00:08;1579834808
0.07651054;637.29;2020-01-24 04:00:09;1579838409
0.07686224;638.67;2020-01-24 05:00:08;1579842008
0.07633505;635.31;2020-01-24 06:00:09;1579845609
0.07668672;640.18;2020-01-24 07:00:09;1579849209
0.07563198;630.14;2020-01-24 08:00:09;1579852809
0.07615938;634.23;2020-01-24 09:00:10;1579856410
0.07633484;631.21;2020-01-24 10:00:06;1579860006
0.07492857;617.72;2020-01-24 11:00:09;1579863609
0.07475327;627.8;2020-01-24 12:00:09;1579867209
0.07475361;630.68;2020-01-24 13:00:10;1579870810
0.07545678;638.99;2020-01-24 14:00:12;1579874412
0.07545675;639.45;2020-01-24 15:00:08;1579878008
0.07492929;637.17;2020-01-24 16:00:07;1579881607
0.07457746;631.23;2020-01-24 17:00:08;1579885208
0.07510474;636.82;2020-01-24 18:00:08;1579888808
0.07475336;634.5;2020-01-24 19:00:10;1579892410
0.07492915;637.91;2020-01-24 20:00:09;1579896009
0.07475344;634.55;2020-01-24 21:00:10;1579899610
0.07492908;637.32;2020-01-24 22:00:09;1579903209
0.07492907;633.74;2020-01-24 23:00:10;1579906810
0.07528073;635.52;2020-01-25 00:00:10;1579910410
0.07528012;626.05;2020-01-25 01:00:09;1579914009
0.07598348;629.67;2020-01-25 02:00:10;1579917610
0.07615938;632.29;2020-01-25 03:00:10;1579921210
0.07563199;627.17;2020-01-25 04:00:08;1579924808
0.07545605;627.25;2020-01-25 05:00:11;1579928411
0.07563177;629.94;2020-01-25 06:00:09;1579932009
0.076335;635.79;2020-01-25 07:00:09;1579935609
0.07738995;643.33;2020-01-25 08:00:10;1579939210
0.07809322;653.07;2020-01-25 09:00:08;1579942808
0.07739008;646.14;2020-01-25 10:00:10;1579946410
0.07826886;652.08;2020-01-25 11:00:08;1579950008
0.07756565;645.27;2020-01-25 12:00:09;1579953609
0.0784446;650.84;2020-01-25 13:00:09;1579957209
0.07862049;655.01;2020-01-25 14:00:08;1579960808
0.07844478;653.21;2020-01-25 15:00:06;1579964406
0.07967524;664.01;2020-01-25 16:00:08;1579968008
0.07826912;653.58;2020-01-25 17:00:10;1579971610
0.07879636;657.12;2020-01-25 18:00:09;1579975209
0.07897218;658.78;2020-01-25 19:00:09;1579978809
0.07826898;654.4;2020-01-25 20:00:10;1579982410
0.07791737;652.09;2020-01-25 21:00:05;1579986005
0.07739006;649.22;2020-01-25 22:00:09;1579989609
0.07739013;646.84;2020-01-25 23:00:05;1579993205
0.07791762;649.99;2020-01-26 00:00:08;1579996808
0.07703861;641.38;2020-01-26 01:00:11;1580000411
0.07739026;645.52;2020-01-26 02:00:09;1580004009
0.07703865;641.7;2020-01-26 03:00:09;1580007609
0.07774206;650.97;2020-01-26 04:00:08;1580011208
0.0775662;649.18;2020-01-26 05:00:08;1580014808
0.07756623;649.78;2020-01-26 06:00:09;1580018409
0.07739045;646.5;2020-01-26 07:00:08;1580022008
0.077742;651.49;2020-01-26 08:00:08;1580025608
0.07774212;654.4;2020-01-26 09:00:08;1580029208
0.07756645;653.27;2020-01-26 10:00:09;1580032809
0.07668749;647.84;2020-01-26 11:00:07;1580036407
0.07668735;649.61;2020-01-26 12:00:10;1580040010
0.0768635;650.17;2020-01-26 13:00:06;1580043606
0.0772149;652.59;2020-01-26 14:00:06;1580047206
0.07703917;651.46;2020-01-26 15:00:08;1580050808
0.07668753;648.45;2020-01-26 16:00:06;1580054406
0.0759844;646.16;2020-01-26 17:00:08;1580058008
